Id,class_0,class_1
00eed32682bb,0.62836605,0.37163392
010ebe33f668,0.62836605,0.37163392
02fa521e1838,0.62836605,0.37163392
040e15f562a2,0.62836605,0.37163392
046e85c7cc7f,0.62836605,0.37163392
